Workbook

Sheet Sheet1
E1: Date: | F1: =TODAY() -> 45990
B7: Knowledge of Digital World
B8: Nasim chawk Pashtoon Abad Quetta, Pakistan
B9: 03333323405 | 0343452439
B10: www.knowledgeofdigitalworld.com
B13: Name | C13: Sadeeq ullah | E13: Receipt no. | F13: 1
B14: GSTIN | C14: 29340985485
B15: Adress | C15: Nasim chawk Pashtoon Abad Quetta, Pakistan
A18: Sr no. | B18: Particulars | D18: Quantity | E18: Price | F18: Amount
B19: Filing Cabinet | D19: 3 | E19: =VLOOKUP(B19,Sheet2!$A$1:$B$11,2,0) -> 200 | F19: =D19*E19 -> 600
B20: Gel Pens (Pack) | E20: =VLOOKUP(B20,Sheet2!$A$1:$B$11,2,0) -> 5 | F20: =D20*E20 -> 0
B21: Gel Pens (Pack) | D21: 23 | E21: =VLOOKUP(B21,Sheet2!$A$1:$B$11,2,0) -> 5 | F21: =D21*E21 -> 115
B22: Filing Cabinet | E22: =VLOOKUP(B22,Sheet2!A1:B11,2,0) -> 200 | F22: =D22*E22 -> 0
B23: Wireless Mouse M1 | E23: =VLOOKUP(B23,Sheet2!$A$1:$B$11,2,0) -> 25 | F23: =D23*E23 -> 0
B24: Gel Pens (Pack) | E24: =VLOOKUP(B24,Sheet2!$A$1:$B$11,2,0) -> 5 | F24: =D24*E24 -> 0
B25: Ergonomic Chair | D25: 7 | E25: =VLOOKUP(B25,Sheet2!$A$1:$B$11,2,0) -> 150 | F25: =D25*E25 -> 1050
B26: A4 Printer Paper (Box) | E26: =VLOOKUP(B26,Sheet2!$A$1:$B$11,2,0) -> 15 | F26: =D26*E26 -> 0
B27: Total | F27: =SUM(F19:F26) -> 1765
B28: Discount | F28: 200
B29: Taxable value | F29: =F27-F28 -> 1565
B30: CGST | D30: 0.04 | F30: =F29*D30 -> 62.6
B31: SGST | D31: 0.05 | F31: =F30*D31 -> 3.13
B32: IGST | D32: 0.06 | F32: =F31*D32 -> 0.1878
A34: Grand Total | F34: =ROUND(SUM(F28:F33),0) -> 1831
B38: Customer signature | E38: Signature & stamp
B40: Note:-
B41: 1)
B42: 2)

Sheet Sheet2
A1: Product Name | B1: Unit Price
A2: Laptop Pro X1 | B2: 1200
A3: Ergonomic Chair | B3: 150
A4: Wireless Mouse M1 | B4: 25
A5: Executive Desk | B5: 800
A6: A4 Printer Paper (Box) | B6: 15
A7: 4K Monitor 27" | B7: 350
A8: Adjustable Stand | B8: 50
A9: Webcam HD200 | B9: 40
A10: Gel Pens (Pack) | B10: 5
A11: Filing Cabinet | B11: 200
